<?xml version="1.0" encoding="UTF-8"?>
<plugin>
  <name>Fully Sanitized Plugin</name>
  <author>John Williams</author>
<!-- Feel free to include your github repo here -->
  <website>https://github.com/jhwilliams1985</website>

<!-- the version of the plugin iteself -->
  <version>1.0.0</version>

<!-- release date of THIS version -->
  <release>April 3,2021</release>

<!-- the last version of UserSpice you tested the plugin with -->
  <tested>5.2.6</tested>

<!-- What does your plugin do? -->
  <description>Fully Sanitized the following GET, POST, Request, Cookie, Files, Server automatically. Similar to it runs input::get(Data)</description>

  <!-- This is the launch button in the plugin manager. If it is blank or missing, Configure Plugin will show up. -->
    <button>Fully Sanitized</button>
</plugin>
